{
  "train_loss": [
    1.2065236759635638,
    0.4128267657581865,
    0.10389366820923188,
    0.048256020625932164,
    0.02752835851014285,
    0.01735236843856563
  ],
  "val_loss": [
    1.781389681809106,
    0.8384557589342075,
    0.50092337045518,
    0.5112513029779373,
    0.5217561415034576,
    0.5350728505689533
  ],
  "train_acc": [
    0.6252620545073375,
    0.9308176100628931,
    0.9937106918238994,
    0.999475890985325,
    0.999475890985325,
    1.0
  ],
  "val_acc": [
    0.36185819070904646,
    0.7970660146699267,
    0.8410757946210269,
    0.8386308068459658,
    0.843520782396088,
    0.843520782396088
  ],
  "test_acc": 0.8190709046454768,
  "training_time": 2.8745834827423096
}