{
  "train_loss": [
    1.17656,
    0.33465,
    0.07007,
    0.02662,
    0.01804,
    0.01199,
    0.00634,
    0.00403
  ],
  "val_loss": [
    1.75123,
    0.68812,
    0.55664,
    0.60611,
    0.62628,
    0.66207,
    0.68342,
    0.67952
  ],
  "train_acc": [
    0.63312,
    0.93344,
    0.99161,
    0.99738,
    0.99686,
    0.9979,
    1.0,
    1.0
  ],
  "val_acc": [
    0.28117,
    0.82885,
    0.84108,
    0.85086,
    0.84352,
    0.83863,
    0.8313,
    0.84108
  ],
  "test_acc": 0.7995,
  "test_f1": 0.8013,
  "training_time_s": 1.9,
  "best_epoch": 3
}