{
  "train_loss": [
    1.28012,
    0.76804,
    0.56632,
    0.46889,
    0.35514,
    0.31057,
    0.25137,
    0.164,
    0.13956
  ],
  "val_loss": [
    0.84435,
    0.72642,
    0.65011,
    0.61435,
    0.66736,
    0.61653,
    0.63888,
    0.78092,
    0.8165
  ],
  "train_acc": [
    0.55451,
    0.74738,
    0.80922,
    0.83648,
    0.8847,
    0.89675,
    0.91929,
    0.94444,
    0.95021
  ],
  "val_acc": [
    0.71149,
    0.76039,
    0.77751,
    0.79707,
    0.8044,
    0.79707,
    0.82152,
    0.81174,
    0.81663
  ],
  "test_acc": 0.7751,
  "test_f1": 0.7763,
  "training_time_s": 9.5,
  "best_epoch": 4
}