{
  "train_loss": [
    1.83696,
    0.96603,
    0.56293,
    0.37614,
    0.24196,
    0.14665,
    0.10867,
    0.06737
  ],
  "val_loss": [
    1.28281,
    0.60338,
    0.46079,
    0.4802,
    0.55774,
    0.64326,
    0.73215,
    0.76972
  ],
  "train_acc": [
    0.28669,
    0.69549,
    0.83333,
    0.89308,
    0.92715,
    0.9565,
    0.96908,
    0.98166
  ],
  "val_acc": [
    0.56724,
    0.81174,
    0.85575,
    0.86308,
    0.85819,
    0.86308,
    0.86064,
    0.86308
  ],
  "test_acc": 0.8289,
  "test_f1": 0.8288,
  "training_time_s": 460.0,
  "best_epoch": 3
}