{
  "train_loss": [
    1.8968447214402493,
    1.0780132356679664,
    0.6186103016075598,
    0.4281334793253702,
    0.27683000210321174,
    0.2013899390771204,
    0.14389291230347045
  ],
  "val_loss": [
    1.5901459744040716,
    0.6534958299622851,
    0.5091540982495893,
    0.4979440969185025,
    0.5731482490177624,
    0.6292751770270738,
    0.6858010363416669
  ],
  "train_acc": [
    0.2526205450733753,
    0.6467505241090147,
    0.8139412997903563,
    0.8736897274633124,
    0.9161425576519916,
    0.9339622641509434,
    0.9544025157232704
  ],
  "val_acc": [
    0.3545232273838631,
    0.80440097799511,
    0.823960880195599,
    0.8557457212713936,
    0.8557457212713936,
    0.8508557457212714,
    0.8533007334963325
  ],
  "test_acc": 0.8288508557457213,
  "training_time": 1412.4034605026245
}